Method,Precision,Recall,F1_Score,Correct_Matches,Incorrect_Matches,Missed_Matches
RecordLinkage,0.8826378539493294,1.6973967040840698,1.1613693929242586,7107,945,2783
DBSCAN,0.7061347061347061,0.3931215667542393,0.505062902730899,1646,685,2249
